siteIDForayEffort,dateForayEffort,observerForayEffort,numberForayEffort,startTimeForayEffort,endTimeForayEffort,pathDistanceForayEffort
AAROJESFL1,2016-04-21,ZZ,1,07:10,08:45,-99999
AAROJESFL1,2017-04-22,ERF,1,07:30,09:00,2190
ADAMVICFL1,2016-05-17,ZZ,1,07:15,08:30,-99999
ADAMVICFL1,2017-05-08,ERF,1,09:30,11:00,2110
AKREMICMA2,2016-07-17,SMB,1,00:01,00:01,-99999
AKREMICMA2,2017-07-15,ASJ,1,10:40,11:40,2300
ALCACHLPA1,2016-07-19,"BR,SR,JC",1,11:50,05:25,-99999
ALCOKENGA1,2016-06-11,BNT,1,11:15,12:27,487
ALCOKENGA1,2017-04-22,CLG,1,09:46,11:15,1100
ALEXROBPA1,2017-06-02,LY,1,09:00,11:00,99999
ALLERILGA1,2016-04-20,BNT,1,11:45,12:51,723
ALLERILGA1,2017-05-26,CLG,1,09:25,11:00,2500
AMANDRUPA1,2017-06-23,LY,1,09:00,10:30,1883
ANDEBRUPA1,2016-06-18,MW,1,00:01,00:01,-99999
ANDEHALMA1,2016-06-15,SMB,1,00:01,00:01,-99999
ANDRJENFL1,2016-03-29,ZZ,1,07:15,08:15,-99999
ANDRJENFL1,2017-04-03,ERF,1,08:30,10:30,2780
ANDRKENVA1,2016-06-27,JLM,1,11:57,12:43,3240
ANDRKENVA1,2017-07-04,KLW,1,07:52,09:30,3180
ARCADIAMA1,2016-05-07,SBL,1,00:01,00:01,-99999
ARCADIAMA1,2016-08-02,"TMB,SMB",1,00:01,00:01,-99999
ARGEGIONC1,2016-05-11,"KFJ,JIC,EL",1,09:00,10:00,-99999
ARGEGIONC1,2017-05-27,AJB,1,09:15,10:57,0.98
ARGYLESGA1,2016-03-23,"JLD,BNT",1,10:30,11:15,-99999
ARLINESVA1,2016-04-22,"KK,AH,EF,JM",1,00:01,00:01,-99999
ARLINESVA1,2017-04-24,"KLW,JLM,AKW",1,12:15,13:05,2100
ASSMCARMD1,2016-07-08,"KJW,MAR",1,11:47,12:48,2000
ASSMCARMD1,2017-06-21,JLM,1,08:54,10:34,3500
ASTOLAUGA1,2016-05-20,BNT,1,11:30,11:50,78
ASTOLAUGA1,2017-04-20,CLG,1,09:47,11:17,1800
ATHEJIMMA1,2016-06-20,SMB,1,14:25,15:42,-99999
ATHEJIMMA2,2017-07-12,ASJ,1,10:00,11:30,1700
AUSTCLANC1,2016-10-28,NODATA,1,11:30,12:30,150
AUSTCLANC1,2017-06-13,AJB,1,09:09,11:15,1.13
AZARCARPA1,2016-05-29,MW,1,00:01,00:01,-99999
AZARCARPA1,2017-06-09,LY,1,09:30,11:30,99999
BACHMARNC1,2016-06-11,"ELB,LM",1,11:34,12:30,-99999
BACHMARNC1,2017-06-24,AJB,1,06:20,06:40,0.4
BACHMARNC1,2017-06-24,AJB,2,06:59,08:20,1.37
BAERMIKPA1,2016-06-04,MW,1,12:00,13:00,1230
BAILEESVA1,2016-05-02,"JLM,KPK,ERF,AEH",1,13:00,17:00,2660
BAILEESVA1,2016-05-09,KPK,1,00:01,00:01,-99999
BAILEESVA1,2016-05-11,"JLM,KPK,ERF,AEH",1,00:01,00:01,-99999
BAILEESVA1,2016-05-20,"JLM,KPK,AEH,ERF",1,12:45,15:20,3120
BAILEESVA1,2017-05-01,"KLW,AKW,JLM",1,12:06,13:23,2005
BAILEESVA1,2017-05-15,"KLW,AKW,JLM",1,12:00,13:37,2043
BAILEESVA1,2017-05-23,"KLW,AKW",1,12:14,13:32,2060
BAILPATNC1,2016-06-29,NODATA,1,11:37,12:35,-99999
BAILPATNC1,2017-05-01,AJB,1,09:15,11:20,1.11
BAINANDMD1,2016-06-13,JLM,1,07:10,08:30,2840
BAKENANMA1,2016-06-07,SMB,1,12:57,14:00,2124
BAKENANMA1,2017-05-31,ASJ,1,11:35,12:35,1400
BALASUCMD1,2016-06-27,JLM,1,11:25,12:02,-99999
BALASUCMD1,2017-05-31,"AKW,KLW",1,09:43,10:47,1800
BALDARTPA1,2016-06-25,MW,1,00:01,00:01,-99999
BANCRESDC1,2016-05-03,JLM,1,23:30,12:00,6400
BANDCATFL1,2016-03-28,ZZ,1,07:20,09:00,-99999
BANDCATFL1,2017-04-07,ERF,1,09:40,11:10,2510
BARBJERMD1,2016-06-03,"JLM,KPK",1,11:25,11:44,784
BARBJERMD1,2017-06-20,JLM,1,09:37,10:20,1490
BAUGSHEVA1,2016-07-18,JLM,1,10:14,10:54,480
BAUGSHEVA1,2017-07-04,KLW,1,09:47,11:14,3160
BEALTOMMD1,2016-05-02,JLM,1,11:20,12:30,2400
BEALTOMMD1,2017-06-26,AKW,1,10:05,11:49,2650
BEARJUSGA1,2016-04-14,JLD,1,11:25,00:35,-99999
BEARKARNC1,2016-05-09,"KFJ,JIC",1,09:30,10:10,-99999
BEARKARNC1,2017-05-24,AJB,1,09:12,11:40,1.73
BECIBARPA1,2016-07-31,"BR,NB,RP,SR,JR",1,00:01,00:01,-99999
BEEGERLNC1,2016-06-25,AJB,1,00:01,00:01,-99999
BELMNIKGA1,2016-06-14,JLD,1,11:02,11:56,1823
BELMNIKGA1,2017-04-18,CLG,1,10:01,11:31,1800
BENNBILMA1,2016-06-02,"SMB,BB",1,12:55,12:26,2670
BENNBILMA1,2017-05-25,JLK,1,10:15,12:02,3760
BERASHEPA1,2016-06-28,"BJR,RF",1,00:01,00:01,-99999
BERASHEPA1,2017-05-19,LY,1,10:00,11:00,99999
BERGANDPA1,2016-07-21,BR,1,00:01,00:01,-99999
BERNJUNPA1,2016-07-28,MW,1,00:01,00:01,-99999
BERNJUNPA1,2017-07-06,LY,1,09:30,11:00,692
BERNKENPA1,2016-06-14,MW,1,12:30,12:55,631
BILLPAIDC1,2016-07-13,"KJW,MAR",1,11:00,11:50,2650
BILLPAIDC1,2017-05-26,"AKW,KLW",1,10:20,11:17,2310
BINKJAMGA1,2016-05-05,JLD,1,11:42,12:34,-99999
BIREROYPA1,2017-07-04,KC,1,09:00,10:30,99999
BLANBETMD1,2016-06-30,KPK,1,11:24,12:32,2700
BLANBETMD1,2017-07-20,JLM,1,06:00,07:40,99999
BLOCDAVMD1,2016-06-16,"KPK,EAB",1,11:19,12:34,1830
BLOCDAVMD1,2017-07-14,AKW,1,10:00,11:23,1860
BLONDAVMA1,2016-07-13,SMB,1,12:19,13:35,3170
BLOOLEEFL1,2016-04-08,ZZ,1,07:00,08:30,-99999
BLOOLEEFL1,2017-03-31,ERF,1,09:40,11:10,1670
BLUEHPKGA1,2016-04-15,BNT,1,12:48,14:00,0
BLUEHPKGA1,2017-05-31,CLG,1,09:40,11:20,1600
BOBAMICNC1,2016-05-30,"KFJ,JIC,EL",1,09:30,10:30,-99999
BOBAMICNC1,2017-06-03,AJB,1,09:17,11:30,1.41
BODKANNMA1,2016-06-28,NODATA,1,13:05,14:00,2030
BODKANNMA1,2017-06-09,ASJ,1,10:13,11:20,1300
BOONGREMD1,2016-07-19,JLM,1,12:10,13:04,1660
BOONGREMD1,2017-06-27,"KLW,AKW",1,09:20,10:35,2450
BOONGREMD2,2016-07-19,JLM,1,00:01,00:01,-99999
BOONGREMD2,2017-07-07,"KLW,AKW",1,09:38,10:11,1410
BOSAJOEPA1,2016-07-07,"BR,SR",1,12:00,12:30,-99999
BOSCJOEDC1,2016-06-28,JLM,1,11:03,12:14,3860
BOSCJOEDC1,2017-06-14,JLM,1,08:52,11:00,4540
BOUDLYNMA1,2016-06-01,SMB,1,12:33,14:09,2750
BOUDLYNMA1,2017-06-16,JLK,1,12:03,11:05,1640
BOUGROBFL1,2016-04-19,ZZ,1,07:05,08:45,-99999
BOWEJOHMA1,2016-07-21,SMB,1,00:01,00:01,-99999
BOWEJOHMA1,2017-07-18,ASJ,1,10:56,12:11,2000
BOYLCOLMA1,2016-06-04,SMB,1,00:01,00:01,-99999
BOYLCOLMA1,2017-06-03,ASJ,1,10:32,11:47,2400
BOZESARPA1,2016-06-28,MW,1,00:01,00:01,-99999
BRADVALGA1,2016-04-09,JLD,1,00:01,00:01,-99999
BRADVALGA1,2017-03-25,"CLG,SAM BRADFORD,STEVE",1,10:41,12:16,1700
BRAXBOBGA1,2016-05-18,JLD,1,11:13,12:09,1678
BRAXBOBGA1,2017-03-27,CLG,1,10:24,12:00,2300
BREMSARFL1,2016-05-01,ZZ,1,07:25,08:30,-99999
BREMSARFL1,2017-04-06,ERF,1,08:30,10:30,2780
BRENSTEMD1,2016-07-21,KPK,1,10:40,11:30,1160
BRENTESDC1,2016-06-06,"KPK,ERF,JLM,AEH",1,12:08,13:36,4920
BRENTESDC1,2017-06-05,AKW,1,12:10,12:36,1510
BRENTESDC1,2017-06-05,JLM,2,12:10,12:16,30
BRENTESDC1,2017-06-05,KLW,3,12:10,12:46,1500
BRIDNATMA1,2016-06-22,SMB,1,00:01,00:01,-99999
BRIDNATMA1,2017-08-10,ASJ,1,08:21,09:21,2000
BRIGKIMMD1,2016-06-16,JLM,1,11:40,12:44,2010
BRIGKIMMD1,2017-07-20,JLM,1,07:50,08:50,99999
BROANANNC1,2016-06-08,AJB,1,12:15,13:09,-99999
BROANANNC1,2017-06-21,AJB,1,06:30,06:50,0.19
BROANANNC1,2017-06-21,AJB,2,07:20,08:15,0.59
BROANANNC1,2017-06-21,AJB,3,09:07,10:00,0.63
BRODDORMA1,2016-06-14,SMB,1,12:26,14:30,5420
BROWANNDC1,2016-04-28,ERF,1,00:01,00:01,-99999
BROWANNDC1,2016-07-02,JLM,1,11:15,11:31,1180
BROWANNDC1,2017-06-13,JLM,1,09:20,10:00,1920
BROWANNMD1,2016-04-28,"ERF,AEH",1,00:01,00:01,-99999
BROWANNMD1,2016-06-17,"KPK,AEH",1,11:30,13:10,1800
BROWANNMD1,2017-06-12,JLM,1,09:45,10:30,1620
BRUNKIMPA1,2016-07-08,"BJR,RM,SR",1,12:00,12:45,-99999
BRYAANGFL1,2016-06-15,ZZ,1,06:50,07:15,-99999
BRYAANGFL1,2017-04-08,ERF,1,09:30,11:00,2590
BUCKLMSMD1,2016-05-24,"JLM,KPK,AEH,ERF",1,11:20,11:45,2912
BUDNNORNC1,2016-06-12,ELB,1,11:30,12:24,-99999
BUDNNORNC1,2016-10-28,ELB,1,11:30,12:24,-99999
BUDNNORNC1,2017-06-17,AJB,1,09:30,11:37,0.89
BUISNORVA1,2016-05-17,"ERF,DN",1,00:01,00:01,-99999
BUISNORVA1,2016-07-05,JLM,1,11:30,12:16,1440
BUISNORVA1,2017-06-15,JLM,1,09:50,11:10,2030
BULLTHOMA1,2016-08-01,TMB,1,11:31,12:42,1960
BULLTHOMA1,2017-08-05,ASJ,1,10:16,00:01,99999
BURDROBVA1,2016-06-15,"DLN,JRQ",1,13:40,14:15,1500
BURDROBVA1,2017-07-18,JLM,1,06:05,07:10,99999
BURGRENNC1,2016-06-29,AJB,1,11:28,12:19,-99999
BURNDENNC1,2016-06-14,AJB,1,12:46,13:52,-99999
BURNDENNC1,2017-06-06,AJB,1,09:23,10:30,0.71
BURNDENNC1,2017-06-06,AJB,2,10:37,10:49,0.11
BURNDENNC1,2017-06-06,AJB,3,10:59,11:45,0.66
BURNNANMD1,2016-07-22,KPK,1,07:18,08:19,833
BURNNIKMA1,2016-07-16,TMB,1,11:33,12:47,2380
BYERHEAPA1,2016-06-15,MW,1,11:15,11:55,1650
BYERHEAPA1,2017-07-25,KC,1,08:30,09:15,99999
BYERHEAPA1,2017-07-25,LY,2,09:45,10:30,99999
CAHAGABMD1,2016-07-23,KPK,1,11:00,12:03,1900
CAHAGABMD1,2017-07-10,JLM,1,07:01,07:35,1040
CAHAGABMD1,2017-07-10,JLM,2,07:40,08:09,1000
CALLEVEMA1,2016-06-24,"SMB,MAX",1,12:24,13:16,1900
CALLEVEMA1,2017-06-19,ASJ,1,10:00,11:30,2200
CALVCARMA1,2016-06-09,SMB,1,12:38,13:10,1577
CALVCARMA1,2017-06-20,JLK,1,10:40,11:20,2100
CAMPGLOMD1,2016-07-14,JLM,1,11:07,11:57,2270
CAMPGLOMD1,2017-05-03,AKW KLW,1,09:39,11:00,1310
CAMPLIBMD1,2017-07-18,JLM,1,09:45,10:06,99999
CAMPPAUFL1,2016-06-09,ZZ,1,07:00,08:00,1046
CAMPPAUFL1,2017-05-05,ERF,1,09:45,11:15,2290
CAMPROSMD1,2016-06-14,"KPK,AEH",1,11:24,14:24,2580
CAMPROSMD1,2017-06-10,AKW,1,10:03,11:48,2170
CAMPSUSNC1,2016-05-27,AJB,1,11:43,12:47,-99999
CANCYOLMA1,2016-06-19,"SMB,TMB",1,12:20,13:09,490
CANNANNMA1,2016-06-21,"SMB,TMB",1,12:08,13:24,1510
CANNANNMA1,2016-07-07,"BSE,SBL",1,00:01,00:01,-99999
CANNANNMA1,2017-05-30,ASJ,1,10:13,11:30,1600
CAPITCSDC1,2016-04-29,"KPK,JLM,ERF,AEH",1,10:40,11:30,3600
CARLDAVFL1,2016-04-13,ZZ,1,07:25,08:45,-99999
CARLDAVFL1,2017-04-20,ERF,1,09:30,11:00,1880
CARRVIRFL1,2016-06-01,ZZ,1,07:00,08:00,640
CARRVIRFL1,2017-04-22,ERF,1,09:30,11:00,2420
CARTJOYGA1,2016-03-28,"JLD,BNT",1,11:05,12:10,-99999
CARTJOYGA1,2017-05-14,"CLG,NICK,RAJ,JOY,APRIL",1,09:30,11:10,1800
CASACORPA1,2016-07-12,"BR,SR",1,12:00,12:20,-99999
CASEANNFL1,2016-04-12,ZZ,1,07:20,09:00,-99999
CASEANNFL1,2017-05-09,ERF,1,09:30,11:00,1990
CASESUEPA1,2016-06-21,MW,1,00:01,00:01,-99999
CASEWENMA1,2016-06-18,SMB,1,12:10,13:02,2070
CASSKATGA1,2017-06-14,CLG,1,09:30,11:00,1300
CASTTOMNC1,2016-05-11,AJB,1,11:50,13:07,-99999
CASTTOMNC1,2017-06-08,AJB,1,09:08,11:42,1.57
CAUSSUSMD1,2016-07-05,"KJW,MAR",1,11:10,12:11,1600
CAUSSUSMD1,2017-07-09,KLW,1,09:23,10:16,1400
CHALMICGA1,2016-06-13,JLD,1,11:10,12:03,1672
CHALMICGA1,2017-06-08,"CLG,MICHAEL",1,09:28,11:00,1700
CHAMPAUGA1,2016-04-14,BNT,1,12:15,13:28,-99999
CHAMPAUGA1,2017-04-09,"CLG,PAULA",1,10:01,11:45,1700
CHANSYLGA1,2016-05-03,JLD,1,11:21,12:13,-99999
CHANSYLGA1,2017-05-09,CLG,1,09:45,11:15,2100
CHARANDMA1,2016-07-09,SMB,1,13:11,14:05,1610
CHARANDMA1,2017-07-03,ASJ,1,10:00,11:30,2200
CHERNADFL1,2016-04-18,ZZ,1,07:10,08:30,-99999
CHERNADFL1,2017-05-11,ERF,1,09:30,11:00,2010
CHICOBGMA1,2016-07-07,"SMB,TMB",1,00:01,00:01,-99999
CHILDPSMA1,2016-06-29,TMB,1,00:01,00:01,-99999
CHILDPSMA1,2017-07-05,ASJ,1,10:30,11:49,2000
CHIOKELPA1,2016-06-30,"BJR,JK",1,00:01,00:01,-99999
CHURCARFL1,2016-05-04,ZZ,1,07:10,08:30,-99999
CHURCARFL1,2017-04-27,ERF,1,09:30,11:00,2320
CIBUJEAFL1,2016-04-27,ZZ,1,07:10,08:45,-99999
CIBUJEAFL1,2017-04-05,ERF,1,09:30,11:00,2380
CLARBRYMA1,2016-05-24,"TMB,SMB",1,11:48,12:55,1230
CLARBRYMA1,2017-06-10,ASJ,1,10:10,11:30,2600
CLARCOLDC1,2016-06-12,DLN/MAR,1,09:22,10:25,-99999
CLARCOLDC1,2017-07-12,AKW,1,09:03,10:08,1720
COCHJIMPA1,2016-07-27,"BJR,JK",1,00:01,00:01,-99999
COCKNICFL1,2016-06-13,ZZ,1,07:00,07:50,-99999
COCKNICFL1,2017-04-21,ERF,1,07:30,09:00,1290
COLALISMD1,2016-05-12,KPK,1,11:42,12:50,1090
COLALISMD1,2017-07-04,AKW,1,07:27,08:33,1580
COLLCLAFL1,2016-06-16,ZZ,1,07:30,08:15,-99999
COLLJUDNC1,2016-07-06,ELB,1,11:27,12:32,-99999
COLLKEIFL1,2016-04-25,ZZ,1,07:10,08:45,-99999
COLLKEIFL1,2017-04-11,ERF,1,09:30,11:00,2100
COLSKATMD1,2016-04-23,JLM,1,00:01,00:01,-99999
COLSKATMD1,2016-05-07,JLM,1,11:00,12:30,2400
COLSKATMD1,2017-04-20,"AKW,KLW,RR",1,12:18,14:18,2190
COMAPATPA1,2016-06-05,BR,1,00:01,00:01,-99999
CONNJOHNC1,2016-04-29,"KFJ,JIC",1,00:01,00:01,-99999
CONNJOHNC1,2017-05-30,AJB,1,09:35,12:02,1.71
CONZBRIMA1,2016-05-21,"SMB,TMB",1,11:48,12:50,-99999
COOKGLOGA1,2016-04-11,JLD,1,11:45,00:42,-99999
COOKGLOGA1,2017-03-28,"CLG,GLORIA COOKE",1,10:25,12:00,1400
COOPEMSGA1,2016-04-29,"JLD,BNT",1,00:01,00:01,-99999
COPEHAZPA1,2016-07-14,MW,1,00:01,00:01,-99999
COPEHAZPA1,2017-06-21,LY,1,09:45,11:15,1508
CORBAMYNC1,2016-06-06,"JIC,KFJ,CG",1,09:30,10:30,-99999
CORBAMYNC1,2017-07-05,AJB,1,09:17,11:30,1.47
COSTHOWNC1,2016-06-15,AJB,1,11:47,12:31,-99999
COTTVANNC1,2016-06-23,ELB,1,11:34,12:34,-99999
COTTVANNC1,2017-05-17,AJB,1,09:10,11:43,1.62
COXANDFL1,2016-05-02,ZZ,1,07:00,08:30,-99999
COXANDFL1,2017-04-16,ERF,1,09:30,11:00,2120
CRAIJOSNC1,2016-06-04,ELB,1,11:58,12:39,-99999
CRAIJOSNC1,2016-10-28,ELB,1,11:58,11:39,-99999
CRAIJOSNC1,2017-07-01,AJB,1,06:08,06:30,0.28
CRAIJOSNC1,2017-07-01,AJB,2,06:33,06:38,0.02
CRAIJOSNC1,2017-07-01,AJB,3,09:35,10:48,1
CRONCHRVA1,2016-07-08,DLN,1,07:30,08:35,2001
CRONCHRVA2,2016-07-08,"DLN,VEM",1,11:04,12:01,3100
CRONCHRVA2,2017-07-10,AKW,1,08:12,09:31,1830
CROSLEXFL1,2016-03-27,ZZ,1,07:30,09:00,1644
CUSHAMYPA1,2016-07-06,BR,1,00:01,00:01,-99999
CYMRHELDC1,2016-05-17,JLM,1,00:01,00:01,-99999
CYMRHELDC1,2016-06-22,JLM,1,00:01,00:01,-99999
CYMRHELDC1,2017-06-20,"KLW,AKW",1,09:12,10:15,2680
DAGGNATNC1,2016-06-30,AJB,1,00:01,00:01,-99999
DAGGNATNC1,2017-06-30,AJB,1,09:20,11:10,1.25
DALEELIMD1,2016-06-17,JLM,1,12:00,12:30,896
DALEELIMD1,2017-07-27,JLM,1,09:00,09:40,1040
DAMIMARPA1,2016-05-26,MW,1,00:01,00:01,-99999
DAMIMARPA1,2017-06-07,LY,1,09:30,11:30,99999
DAVIALIVA1,2016-05-31,ERF,1,10:45,13:15,2355
DAVIALIVA1,2016-06-04,KPK,1,00:01,00:01,-99999
DAVIALIVA1,2017-06-01,JLM,1,06:51,09:16,2310
DAVICARGA1,2016-04-11,BNT,1,00:01,00:01,-99999
DAVICARGA1,2017-05-02,"CLG,GILL",1,09:53,11:25,1300
DAVIKELVA1,2016-07-16,JLM,1,12:21,12:38,951
DAVIKELVA1,2017-07-10,AKW,1,10:02,11:27,1570
DAYLAUFL1,2016-06-10,ZZ,1,07:15,08:15,-99999
DAYLAUFL1,2017-05-16,ERF,1,09:30,11:00,2130
DEBRMARNC1,2016-04-27,AJB,1,11:40,12:40,-99999
DEBRMARNC1,2017-05-18,AJB,1,09:15,11:33,1.41
DECHKIMMD2,2017-07-21,JLM,1,09:15,09:35,99999
DECKJASGA1,2016-04-16,BNT,1,10:45,11:40,0
DECKJASGA1,2017-03-23,CLG,1,10:00,11:30,2400
DEGELAUNC1,2016-07-02,AJB,1,12:15,13:00,-99999
DEGELAUNC1,2017-05-31,AJB,1,09:05,11:40,2.14
DELUBILMA1,2016-06-10,SMB,1,12:43,13:50,2382
DELUBILMA1,2016-07-09,BSE,1,00:01,00:01,-99999
DELUBILMA1,2017-05-28,JLK,1,10:27,11:47,5000
DELUKARVA1,2016-07-20,KPK,1,08:58,09:58,2050
DELUKARVA2,2016-07-26,KPK,1,10:53,11:50,2150
DELUKARVA2,2017-06-02,"KLW,AKW",1,09:22,10:10,2380
DEMAMARPA1,2016-06-16,MW,1,00:01,00:01,-99999
DEMAPATPA1,2017-05-23,LY,1,08:30,10:30,99999
DEPHKATPA1,2016-05-18,MW,1,00:01,00:01,-99999
DEPHKATPA1,2017-05-31,LY,1,09:30,11:00,99999
DESIELAGA1,2016-06-03,JLD,1,11:03,11:59,1729
DESIELAGA1,2017-04-24,"CLG,ELAINE",1,09:52,11:29,2600
DICKEMMGA1,2017-06-15,CLG,1,08:47,10:13,2500
DICKSUSPA1,2016-06-05,MW,1,00:01,00:01,-99999
DICKSUSPA1,2017-06-03,LY,1,09:45,11:45,99999
DILLSHIPA1,2016-07-13,BR,1,00:01,00:01,-99999
DISALINGA1,2016-06-15,JLD,1,10:48,11:43,1779
DISALINGA1,2017-05-25,CLG,1,09:01,10:35,2400
DODGEESMD1,2016-05-23,"JLM,KPK,AEH,ERF",1,00:01,00:01,-99999
DONLEDPA1,2016-07-07,MW,1,00:01,00:01,-99999
DONOLORDC2,2017-06-30,JLM,1,06:59,08:30,2880
DOPPJANMA1,2016-07-01,SMB,1,13:06,14:32,1960
DOPPJANMA1,2016-07-08,"BSE,SBL",1,00:01,00:01,-99999
DOPPJANMA1,2017-05-24,ASJ,1,10:57,13:07,2400
DOUGSANFL1,2016-05-03,ZZ,1,07:05,08:30,-99999
DOUGSANFL1,2017-04-28,ERF,1,09:45,11:15,2010
DOWBENFL1,2016-06-19,ZZ,1,06:30,07:00,-99999
DOWBENFL1,2017-05-24,ERF,1,07:30,08:45,2340
DOWDMIRNC1,2016-07-09,AJB,1,12:20,13:29,-99999
DOWDMIRNC1,2017-04-18,AJB,1,09:03,11:49,2.04
DOYLPHIMA1,2016-06-12,SMB,1,13:09,13:40,950
DOYLPHIMA1,2016-07-08,"BSE,SBL",1,00:01,00:01,-99999
DOYLPHIMA1,2017-05-21,"ASJ,JLK",1,14:30,15:45,950
DUFFSHAFL1,2016-03-22,ZZ,1,07:30,09:15,337
DUFFSHAFL1,2017-05-26,ERF,1,09:30,11:00,2430
DUKTJOHGA1,2017-06-09,CLG,1,09:28,10:58,1800
DULUADVGA1,2016-04-05,"JLD,BNT",1,00:01,00:01,-99999
DURBLAUNC1,2016-05-24,"ELB,LAI",1,11:28,12:15,150
DURBLAUNC1,2017-06-15,AJB,1,06:05,06:25,0.31
DURBLAUNC1,2017-06-15,AJB,2,09:20,11:00,1.12
DWORBARPA1,2016-06-02,MW,1,11:00,12:25,1560
DWORBARPA1,2017-05-25,LY,1,08:00,09:30,99999
ECKLJULPA1,2016-07-13,MW,1,00:01,00:01,-99999
EDEREDWVA1,2017-07-08,KLW,1,07:45,09:23,2910
EDWALINGA1,2016-05-06,BNT,1,11:15,12:22,962
EGANMARMD1,2016-06-28,"DLN,MAR",1,11:15,12:15,2310
EGANMARMD1,2017-06-14,JLM,1,07:11,08:30,2340
EGGELESVA1,2016-06-10,JLM,1,11:30,12:04,1710
ELINEDPA1,2016-07-22,"BJR,SGR",1,00:01,00:01,-99999
ELLIJONFL1,2016-04-10,ZZ,1,07:40,09:00,-99999
ELLIJONFL1,2017-04-10,ERF,1,09:30,11:00,2300
ENNEBECFL1,2016-06-19,ZZ,1,07:30,08:30,2415
ENNEBECFL1,2017-05-27,ERF,1,09:30,11:00,2090
EVANMICMD1,2016-04-28,KPK,1,12:19,13:14,1433
EVANMICMD1,2017-07-13,AKW,1,09:20,10:36,1380
EVANMICMD1,2017-07-14,AKW,1,09:20,10:36,1380
EWINSAMFL1,2016-05-31,ZZ,1,07:00,08:00,-99999
EWINSAMFL1,2017-05-25,ERF,1,07:30,09:00,2160
FAERHOWMA1,2016-05-25,"SBL,TMB",1,11:55,13:00,1020
FAERHOWMA1,2017-06-01,ASJ,1,10:36,11:40,1600
FAGABERMD1,2016-06-13,JLM,1,10:13,11:11,2120
FALKSTEGA1,2017-06-12,CLG,1,09:30,11:00,1300
FARRAMYPA1,2016-07-23,"BJR,RF",1,00:01,00:01,-99999
FARRAMYPA1,2017-06-26,LY,1,09:30,11:00,1202
FARYSIMMD1,2016-07-02,KPK,1,11:19,12:26,1940
FARYSIMMD1,2017-06-17,JLM,1,09:35,11:00,2250
FECHMARPA1,2016-07-15,"BR,JC,JK",1,00:01,00:01,-99999
FEINLISMA1,2016-06-30,SMB,1,13:02,13:33,1310
FEINLISMA1,2017-06-30,JLK,1,11:20,12:15,1960
FERNBANGA1,2017-05-12,CLG,1,10:00,11:30,1700
FERNKARNC1,2016-06-28,ELB,1,10:30,11:23,-99999
FERNKARNC1,2017-06-19,AJB,1,09:20,11:53,1.2
FIGUCHAFL1,2016-05-19,ZZ,1,07:15,08:15,-99999
FISHFERVA1,2016-07-05,KPK,1,11:33,12:53,2060
FISHFERVA1,2017-05-13,"KLW,AKW",1,09:55,11:46,2560
FLAGMARFL1,2016-04-11,ZZ,1,07:25,09:00,-99999
FLAGMARFL1,2017-03-27,ERF,1,09:30,11:00,1780
FLAMSCOFL1,2016-06-20,ZZ,1,06:30,07:15,-99999
FLAMSCOFL1,2017-05-21,ERF,1,09:30,11:00,2650
FLOWANGGA1,2016-06-15,BNT,1,11:25,12:25,326
FLOWANGGA1,2017-06-03,CLG,1,09:30,11:08,2500
FLOWPATGA1,2016-05-14,JLD,1,00:01,00:01,-99999
FLOWPATGA1,2017-04-10,CLG,1,09:34,11:05,2165
FORDSUSMA1,2016-05-27,"SMB,TMB",1,11:43,13:00,2110
FORESESMD1,2016-05-05,"JLM,KPK,ERF,AEH",1,11:30,15:00,2850
FORESESMD1,2016-05-19,"JLM,KPK,AEH,ERF",1,11:38,12:38,6000
FORESESMD1,2017-04-19,"AKW,KLW",1,12:52,14:25,2090
FORESESMD1,2017-05-19,"AKW,KLW",1,12:38,13:42,2350
FORESPKMA1,2016-07-12,"TMB,SMB",1,00:01,00:01,-99999
FORESPKMA1,2016-07-19,"SMB,TMB",1,00:01,00:01,-99999
FORESPKMA1,2016-08-02,SBL,1,00:01,00:01,-99999
FOSTSTENC1,2016-06-14,ELB,1,11:35,12:29,-99999
FOSTSTENC1,2016-10-28,ELB,1,11:35,12:29,-99999
FOYLDONPA1,2017-06-29,DK,1,09:00,10:00,99999
FREEJOHFL1,2016-04-16,ZZ,1,07:15,08:45,-99999
FREEJOHFL1,2017-03-23,ERF,1,09:30,11:00,2010
FREYFREMD1,2016-06-22,KPK,1,11:19,12:19,1990
FREYFREMD1,2017-07-06,AKW,1,09:53,11:21,2780
FUISLISVA2,2017-07-01,AKW,1,09:15,10:27,2010
FULLPAMFL1,2016-05-25,ZZ,1,07:15,09:00,-99999
FULLPAMFL1,2017-05-27,ERF,1,07:10,08:40,1890
FURRMELGA1,2016-03-24,"JLD,BNT",1,11:15,12:00,-99999
FURRMELGA1,2017-04-14,"CLG,MELISSA",1,10:26,12:05,2000
GAETHEAMD1,2016-04-28,JLM,1,11:00,11:45,1330
GAETHEAMD1,2017-07-17,JLM,1,08:20,09:20,99999
GAIEMELMA1,2016-06-26,SMB,1,13:34,14:47,1490
GAIEMELMA1,2017-07-23,JLK,1,10:35,11:40,1040
GALLLENNC1,2016-05-04,"KFJ,JIC",1,09:30,10:15,-99999
GALLMONVA1,2016-07-05,JLM,1,12:55,11:10,297
GALLTERMD1,2016-06-04,JLM,1,11:30,12:42,2660
GALVLIBPA2,2016-06-04,BR,1,00:01,00:01,-99999
GALVLIBPA2,2017-07-21,KC,1,09:00,10:15,99999
GARDVALMD1,2017-06-22,"AKW,KLW",1,10:20,11:09,1750
GECACARVA1,2016-06-25,KPK,1,11:50,12:56,1840
GECACARVA1,2017-06-08,KLW,1,09:51,11:20,1860
GECACARVA1,2017-06-08,KLW,2,11:30,11:49,386
GELLNERMD1,2016-07-21,KPK,1,09:00,09:59,1960
GERBGIGPA1,2016-07-29,"BJR,RSM,GG",1,00:01,00:01,-99999
GERBGIGPA1,2017-07-08,LY,1,10:00,10:10,99999
GERWJOHNC1,2016-05-18,"ELB,EAL,TMC",1,00:01,00:01,-99999
GERYERIMD1,2016-06-28,KJW,1,11:33,12:34,1800
GERYERIMD1,2017-06-30,AKW,1,07:07,08:42,2200
GERYERIMD1,2017-07-03,JLM,1,09:35,10:40,1820
GHILCOLGA1,2016-04-20,JLD,1,11:18,00:09,-99999
GHILCOLGA1,2017-04-01,CLG,1,09:47,11:18,2900
GILLESMA1,2016-05-23,"SBL,TMB,SMB",1,00:01,00:01,-99999
GIRAANGMD1,2016-05-06,JLM,1,10:55,11:30,2600
GIRAANGMD1,2017-07-09,KLW,1,07:30,08:19,1531
GIRAANGMD1,2017-07-09,KLW,2,08:23,08:52,851
GIRLSINMA1,2016-07-01,"SBL,TMB",1,00:01,00:01,-99999
GIRLSINMA1,2016-07-25,"SBL,TMB",1,00:01,00:01,-99999
GLORPETNC1,2016-06-21,ELB,1,11:33,12:30,-99999
GLORPETNC1,2017-04-29,AJB,1,09:20,11:35,1.45
GOCHJOAMD1,2017-07-27,JLM,1,08:24,08:50,1160
GOINJANNC1,2016-06-18,AJB,1,12:00,13:08,-99999
GOLDBETMA1,2016-07-15,SMB,1,12:36,12:52,810
GOLDBETMA1,2017-07-01,JLK,1,10:35,11:15,2060
GOMEKARMD1,2016-07-13,KPK,1,12:35,13:35,2460
GOMEKARMD1,2017-07-21,JLM,1,06:00,07:30,99999
GOODNANMA1,2016-08-01,SMB,1,00:01,00:01,-99999
GOODNANMA1,2017-06-23,ASJ,1,10:00,11:20,2000
GORDMARGA1,2016-04-06,JLD,1,00:01,00:01,-99999
GOROCARDC1,2016-06-07,"ERF,AEH",1,12:00,13:30,2260
GOROCARDC1,2017-07-13,AKW,1,07:23,08:44,1480
GOWAGEOFL1,2016-06-04,ZZ,1,06:15,08:00,962
GOWAGEOFL1,2017-04-29,ERF,1,09:30,11:00,2580
GOWAJOAFL1,2016-03-24,ZZ,1,07:30,09:00,2670
GOWAJOAFL1,2017-03-28,ERF,1,09:30,11:00,2530
GRANIANFL1,2016-05-27,ZZ,1,07:15,09:15,-99999
GRANIANFL1,2017-05-14,ERF,1,09:30,11:00,1890
GRIFRACMA1,2016-06-23,SMB,1,13:06,14:13,2020
GRIFRACMA1,2016-07-11,"BSE,SBL",1,00:01,00:01,-99999
GRIFRACMA1,2017-06-24,ASJ,1,10:00,12:00,2700
GRINJENFL1,2016-05-01,ZZ,1,09:00,10:00,-99999
GRINJENFL1,2017-04-23,ERF,1,08:00,09:30,2020
GURTMARPA1,2016-07-05,MW,1,00:01,00:01,-99999
HAGACOUNC1,2016-07-08,ELB,1,07:50,08:50,-99999
HAHNMARNC1,2016-05-13,"KFJ,JIC,EL,LI",1,09:00,10:00,-99999
HAHNMARNC1,2017-05-20,AJB,1,09:10,10:55,1.39
HAHNMARNC1,2017-05-20,AJB,2,11:05,11:25,0.2
HALALEEMA1,2016-05-26,"SMB,SBL",1,12:10,13:30,2253
HALALEEMA1,2017-07-06,ASJ,1,10:00,11:27,1900
HALLJENMA1,2016-07-16,SMB,1,13:21,14:11,1100
HALLJENMA1,2017-07-13,JLK,1,10:30,12:00,1500
HAMIMARMD1,2017-07-24,AKW,1,08:43,09:58,1340
HAMMSHIMA1,2016-07-03,SMB,1,12:16,13:32,2370
HANLCORFL1,2016-03-29,ZZ,1,08:30,09:30,-99999
HANLCORFL1,2017-04-25,ERF,1,07:30,09:00,2360
HANNNANMD1,2016-04-30,KPK,1,11:46,12:46,1910
HANNNANMD1,2017-07-01,KLW,1,07:22,08:58,2930
HANSAMYNC1,2016-05-13,AJB,1,11:20,12:38,-99999
HANSAMYNC1,2017-05-12,AJB,1,09:19,11:40,1.47
HARABARNC1,2016-05-31,AJB,1,12:40,13:56,-99999
HARABARNC1,2017-05-22,AJB,1,09:18,11:27,1.57
HARRMARGA1,2016-04-08,JLD,1,00:01,00:01,-99999
HARRMARGA1,2017-04-17,CLG,1,09:42,11:22,2800
HARVJILPA1,2016-06-14,BJR,1,00:01,00:01,-99999
HARVSUENC1,2016-05-02,"KFJ,JIC",1,00:01,00:01,-99999
HARVSUENC1,2017-05-19,AJB,1,09:16,11:49,1.41
HATFGREPA1,2016-06-25,"BJR,SF,NB",1,00:01,00:01,-99999
HAUSJIMPA1,2016-07-26,"BR,RSM",1,00:01,00:01,-99999
HAWKDIAGA1,2016-05-31,BNT,1,10:41,12:00,612
HAWKDIAGA1,2017-04-04,CLG,1,09:40,11:15,1200
HAWNJANVA1,2016-06-03,ERF,1,08:40,10:45,1676
HAZZANNMA1,2016-07-02,SMB,1,12:12,13:15,1620
HAZZANNMA1,2017-06-02,ASJ,1,11:17,12:23,1900
HAZZANNMA1,2017-06-03,ASJ,1,11:17,12:23,1900
HAZZIANFL1,2016-06-21,ZZ,1,08:00,08:30,-99999
HAZZIANFL1,2017-05-26,ERF,1,07:30,09:00,1110
HEADDOTGA1,2016-05-06,JLD,1,11:34,12:25,1612
HEADDOTGA1,2017-04-07,CLG,1,09:24,10:58,1600
HEINANNFL1,2016-05-13,ZZ,1,07:15,08:30,-99999
HERBMIRGA1,2016-06-21,"TG,RR",1,00:01,00:01,-99999
HERBMIRGA1,2017-04-06,"CLG,MIRIAM",1,09:23,11:22,2600
HERRJAYFL1,2016-04-01,ZZ,1,07:15,08:45,-99999
HERRJAYFL1,2017-03-21,ERF,1,09:50,11:20,1840
HIGGBETMA1,2016-05-16,"SMB,SLG",1,11:17,12:30,1880
HIGGBETMA1,2017-06-22,"ASJ,AMT",1,10:00,11:34,2400
HIGHELEMA1,2016-06-17,"SMB,SBL",1,00:01,00:01,-99999
HILLSALMA1,2016-05-18,"SMB,SLG",1,11:45,12:50,2300
HILLSALMA1,2017-05-27,JLK,1,10:00,11:15,4600
HINTLORNC1,2016-06-01,ELB,1,11:45,12:11,-99999
HINTLORNC1,2016-10-28,ELB,1,11:45,12:11,100
HINTLORNC1,2017-06-22,AJB,1,09:20,11:57,1.51
HITTJODGA1,2016-04-25,BNT,1,11:30,12:30,993
HODGBENMA1,2016-07-11,SMB,1,13:05,13:45,1400
HODGBENMA1,2017-08-04,ASJ,1,10:00,11:30,2300
HOGAMELGA1,2016-05-24,JLD,1,11:04,11:56,1467
HOGAMELGA1,2017-04-11,"CLG,MELISSA,ARIEL",1,09:53,11:30,1400
HOLYOBGMA1,2016-08-04,"SMB,TMB",1,00:01,00:01,-99999
HOOVJASPA1,2016-05-28,MW,1,00:01,00:01,-99999
HOPKMARGA1,2016-06-18,JLD,1,00:01,00:01,-99999
HOPKMARGA1,2017-04-27,"CLG,MARY",1,10:13,11:45,1700
HORNMARGA1,2017-06-10,"CLG,MARY ANNE",1,09:05,10:35,2000
HOROBONVA1,2016-06-15,JLM,1,11:47,12:29,1730
HOROBONVA1,2016-07-19,KPK,1,07:18,08:20,1400
HOROBONVA2,2017-07-11,JLM,1,08:50,09:40,1570
HOSTMARFL1,2016-05-09,ZZ,1,07:20,09:00,-99999
HOSTMARFL1,2017-04-15,ERF,1,09:30,11:00,1690
HOUSJONGA1,2016-05-25,JLD,1,10:47,11:51,1729
HOUSJONGA1,2017-05-03,CLG,1,10:11,11:45,1100
HOWAJANMA1,2016-05-19,"SMB,TMB,SLG",1,11:45,00:01,2070
HOWAJANMA1,2017-06-12,JLK,1,11:20,12:15,1780
HOYTHARGA1,2016-06-08,JLD,1,00:01,00:01,-99999
HOYTHARGA1,2017-06-05,CLG,1,09:30,11:10,2000
HULLJEFVA1,2016-07-07,KPK,1,11:12,12:19,2130
HULLJEFVA1,2017-06-16,JLM,1,07:01,09:11,2620
HUNTDAVMD2,2016-04-30,JLM,1,11:00,12:00,2667
HUNTDAVMD2,2017-07-15,AKW,1,06:43,08:17,1490
HUNTVIRPA1,2016-07-31,MW,1,00:01,00:01,-99999
HUTCBARVA1,2016-07-18,KPK,1,11:23,12:23,2560
HUTCBARVA1,2017-07-08,KLW,1,09:43,11:15,2950
INGRBENFL1,2016-05-21,ZZ,1,07:15,08:15,-99999
INGRBENFL1,2017-05-12,ERF,1,09:30,11:00,1980
IVESALINC1,2016-05-28,AJB,1,12:25,13:42,-99999
IVESALINC1,2017-04-14,AJB,1,09:40,11:50,1.78
JACKALADC1,2016-06-13,DLN/EAB,1,11:15,12:15,1.91
JACKALADC1,2017-07-11,AKW,1,09:41,11:08,1590
JACOMERMD1,2016-06-11,KPK,1,11:13,12:19,2440
JACOMERMD1,2017-06-30,AKW,1,09:07,10:34,1980
JACOSUSFL1,2016-05-24,ZZ,1,07:00,07:45,-99999
JACOSUSFL1,2016-06-17,ZZ,1,06:30,07:30,-99999
JACOSUSFL1,2017-04-18,ERF,1,09:30,11:00,1990
JACOSYDMD1,2016-05-16,"JLM,AEH",1,11:45,12:33,2000
JACOSYDMD1,2017-06-22,JLM,1,06:59,08:30,99999
JAKOELVVA1,2016-07-14,KPK,1,11:28,12:29,1920
JAKOELVVA1,2017-07-18,JLM,1,07:50,09:05,99999
JAKUJULMA1,2016-06-11,SMB,1,00:01,00:01,-99999
JAKUJULMA1,2017-08-04,JLK,1,10:40,11:40,1580
JAKUSTEMA1,2016-06-25,SMB,1,00:01,00:01,-99999
JAKUSTEMA1,2017-07-21,JLK,1,10:00,11:03,2100
JAMESESVA1,2016-06-02,"ERF,JLM,KPK,AEH",1,00:01,00:01,-99999
JAMESESVA1,2017-05-17,"KLW,JLM AKW",1,12:06,13:11,1690
JEFFMARPA1,2016-06-17,BJR,1,00:01,00:01,-99999
JENKANGGA2,2016-06-07,JLD,1,00:01,00:01,-99999
JENKANGGA2,2017-06-06,CLG,1,09:45,11:30,1800
JENSKEINC1,2016-04-30,"KFJ,JIC",1,00:01,00:01,-99999
JENSKEINC1,2017-05-02,AJB,1,08:01,08:42,0.67
JENSKEINC1,2017-05-02,AJB,2,09:17,10:31,0.91
JENSKEINC1,2017-05-02,AJB,3,10:40,10:55,0.25
JEWELIBMD1,2017-06-29,JLM,1,07:10,08:53,99999
JOHAHEAMA1,2016-06-16,"SMB,MAX",1,12:43,13:23,2260
JOHAHEAMA1,2017-06-28,JLK,1,11:15,12:20,2420
JOHNAESVA1,2016-05-10,"JLM,KPK,ERF,AEH",1,00:01,00:01,-99999
JOHNAESVA1,2016-05-13,"JLM,KPK,ERF",1,00:01,00:01,-99999
JOHNAESVA1,2017-05-10,"AKW,KLW,JLM",1,10:48,12:40,2100
JOHNMIKNC1,2016-06-03,AJB,1,12:09,13:17,-99999
JOHNNORNC1,2016-07-06,AJB,1,12:01,13:10,-99999
JOHNNORNC1,2017-04-22,AJB,1,09:20,11:30,1.4
JOHNSCOGA1,2016-04-27,JLD,1,11:18,12:13,-99999
JOHNSCOGA1,2017-05-22,CLG,1,09:11,11:45,2100
JONEFAIGA1,2016-05-21,BNT,1,10:41,11:53,466.8
JONEFAIGA1,2017-06-07,CLG,1,09:29,11:20,2900
JONEHARFL1,2016-06-08,ZZ,1,09:20,10:00,514
JONEHARFL1,2017-04-26,ERF,1,09:30,11:00,1860
JONEJULMA2,2016-07-10,SMB,1,00:01,00:01,-99999
JONENICPA1,2016-07-09,MW,1,10:45,12:00,1130
JORGJANMA1,2016-05-31,SMB,1,12:35,13:45,1200
JORGJANMA1,2017-05-23,JLK,1,09:55,11:51,2400
KALIELINC1,2016-05-07,AJB,1,11:32,12:39,-99999
KALIELINC1,2017-06-16,AJB,1,09:05,09:45,0.47
KALIELINC1,2017-06-16,AJB,2,10:10,10:35,0.28
KALIELINC1,2017-06-16,AJB,3,11:00,11:40,0.44
KAMILEIVA1,2016-06-15,"KPK,AEH",1,11:24,13:20,2300
KAMILEIVA1,2017-07-05,AKW,1,08:11,08:53,640
KAMILEIVA1,2017-07-05,AKW,2,09:28,10:03,1170
KANEBRIMA1,2016-06-27,SMB,1,12:28,13:13,1190
KANEBRIMA1,2017-06-21,JLK,1,10:45,11:45,1100
KANEEVANC1,2016-06-02,"KFJ,JIC",1,09:00,10:00,-99999
KANEEVANC1,2017-06-12,AJB,1,09:15,11:05,1.53
KAPLRACMA1,2017-07-29,JLK,1,10:00,11:10,2120
KARALIZNC1,2016-07-08,ELB,1,11:40,12:42,-99999
KARMALYPA1,2016-05-22,"BJR,ML",1,00:01,00:01,-99999
KARMALYPA2,2016-06-16,BJR,1,00:01,00:01,-99999
KEATELINC1,2016-06-04,AJB,1,11:23,12:29,-99999
KEATELINC1,2017-04-15,AJB,1,09:28,11:41,1.55
KELLERIPA1,2016-07-02,"BJR,SF,TH",1,00:01,00:01,-99999
KELLSETMA1,2016-06-03,NODATA,1,13:00,15:30,2897
KELLSETMA1,2017-08-01,JLK,1,11:10,12:30,2410
KENTADAFL1,2016-04-26,ZZ,1,07:10,09:30,-99999
KENTADAFL1,2017-05-20,ERF,1,09:30,11:00,2230
KESTSABDC1,2016-06-04,ERF,1,12:00,13:15,-99999
KESTSABDC1,2017-07-15,JLM,1,09:50,11:15,2590
KEYESUSMD1,2016-05-16,KPK,1,11:52,12:55,1820
KEYESUSMD1,2017-06-30,KLW,1,09:40,11:03,1730
KILGJACGA1,2016-04-08,BNT,1,11:20,13:32,0
KILGJACGA1,2017-03-30,CLG,1,09:44,11:30,3200
KIMBMARGA1,2016-05-04,JLD,1,11:36,12:34,-99999
KIMBMARGA1,2017-05-11,CLG,1,10:32,12:10,4000
KINDFARMD1,2016-07-22,KPK,1,11:00,12:04,1320
KINGDAVMA1,2016-07-22,SMB,1,12:50,13:47,1350
KINGGEOMA1,2016-07-18,SMB,1,12:25,13:40,2610
KINGGEOMA1,2017-06-22,JLK,1,11:00,12:00,1500
KLOTBRUMA1,2016-07-04,SMB,1,13:21,13:56,880
KLOTBRUMA1,2017-08-06,"ASJ,JLK",1,10:30,11:00,2000
KNIGSALVA1,2016-07-01,KPK,1,11:40,12:30,590
KNIGSALVA1,2017-07-10,KLW,1,10:10,11:14,1250
KNOXMIKFL1,2016-04-05,ZZ,1,07:10,08:45,996
KNOXMIKFL1,2017-04-19,ERF,1,09:30,11:00,2260
KOBEDANPA1,2016-06-26,MW,1,11:05,12:05,1320
KOBEDANPA1,2017-06-19,"LY,KC",1,09:45,11:15,970.43
KOPCTOMPA1,2016-05-26,BR,1,00:01,00:01,-99999
KORRHARMD1,2017-06-29,KLW,1,09:35,10:51,2190
KOTCMELGA1,2016-04-18,JLD,1,11:38,00:14,-99999
KOTCMELGA1,2017-05-16,CLG,1,09:10,10:45,2400
KOWAELIFL1,2016-06-12,ZZ,1,07:00,08:00,1465
KOWAELIFL1,2016-06-21,ZZ,1,06:30,07:30,-99999
KOWAELIFL1,2017-04-30,ERF,1,09:30,11:00,2160
KRATANDFL1,2016-05-12,ZZ,1,07:25,09:00,-99999
KRATANDFL1,2017-06-05,ERF,1,07:30,09:00,1980
KRENMARGA1,2016-06-02,JLD,1,10:13,11:08,1973
KRENMARGA1,2017-04-12,CLG,1,09:50,11:30,3800
KRIVMAUGA1,2016-05-14,BNT,1,12:30,13:42,2590
KRIVMAUGA1,2017-06-11,"CLG,MAUREEN",1,09:55,11:30,1500
KUMASUPPA1,2016-06-12,"BJR,SF",1,00:01,00:01,-99999
LABOPEGMA1,2016-06-08,SMB,1,12:22,13:12,1770
LABOPEGMA1,2017-06-15,ASJ,1,10:00,11:07,2300
LADYKENNC1,2016-05-04,AJB,1,11:27,12:35,-99999
LADYKENNC1,2017-05-26,AJB,1,09:15,11:48,1.48
LAFOMELVA1,2016-06-27,KPK,1,12:10,13:10,2440
LAFOMELVA1,2017-06-15,"KLW,AKW",1,09:20,10:48,2690
LAKEAESVA1,2017-04-26,"JLM,KLW,AKW",1,11:48,13:11,2030
LAMBAMYMD1,2016-06-11,JLM,1,12:00,12:53,2410
LAMBAMYMD1,2017-07-03,JLM,1,07:00,08:05,2020
LAMMLAUFL1,2016-06-02,ZZ,1,06:30,08:00,1550
LAMMLAUFL1,2017-03-25,ERF,1,09:20,10:50,2240
LANDCELVA1,2016-07-09,KPK,1,11:19,12:20,2230
LANDCELVA1,2017-05-24,"AKW,KLW",1,09:29,10:49,1810
LANETARNC1,2016-06-25,"ELB,TM,EAL",1,11:25,12:15,-99999
LANETARNC1,2017-06-14,AJB,1,09:15,11:27,1.35
LANGANKVA1,2016-07-11,KPK,1,11:15,12:19,1750
LANGANKVA1,2017-07-04,KLW,1,06:25,07:33,1930
LANGPETMA1,2016-06-20,TMB,1,11:48,13:06,1990
LANGPETMA1,2017-06-14,ASJ,1,10:00,11:30,2600
LAPPHENMA1,2016-07-05,SMB,1,00:01,00:01,-99999
LAPPHENMA1,2017-06-13,JLK,1,10:30,11:30,3080
LARSLIDPA1,2016-06-01,MW,1,11:00,12:00,1270
LATHJANMA1,2016-07-24,SMB,1,12:58,14:28,2800
LATHJANMA1,2017-06-16,ASJ,1,10:00,11:19,2000
LAUESARFL1,2016-04-23,ZZ,1,07:05,09:15,-99999
LAUESARFL1,2017-04-13,ERF,1,09:30,11:00,1890
LEEDONGA1,2016-04-06,BNT,1,11:20,12:15,-99999
LEEDONGA1,2017-05-15,CLG,1,09:46,11:20,1800
LEEJOEPA1,2016-06-11,"BJR,MJL",1,00:01,00:01,-99999
LENTTERGA1,2017-05-19,CLG,1,09:15,10:50,2400
LEONMICPA1,2016-07-23,MW,1,00:01,00:01,-99999
LEONTESDC1,2016-06-20,"KPK,AEH",1,11:19,13:09,1100
LEONTESDC1,2017-07-11,KLW,1,09:51,10:31,1680
LERMSUSMA2,2017-05-22,"SBL,JLK",1,11:08,12:35,2500
LEWASUSMA1,2016-07-06,SMB,1,13:19,14:16,1520
LEWASUSMA1,2017-06-07,JLK,1,10:48,12:00,3850
LICHJERFL1,2016-05-15,ZZ,1,07:10,08:30,-99999
LICHJERFL1,2017-03-24,ERF,1,09:25,10:55,1720
LICHJERFL1,2017-03-29,ERF,1,09:25,10:55,1720
LIEBJUDMD1,2016-04-15,"KPK,AH,ERF",1,11:16,12:10,2440
LIEBJUDMD1,2017-03-13,CLG,1,00:01,00:01,0
LIEBJUDMD1,2017-06-29,JLM,1,07:10,08:53,99999
LINDHANMD1,2016-07-08,KPK,1,11:24,12:27,2130
LINDHANMD1,2017-06-21,JLM,1,07:05,08:35,99999
LINDOLIPA1,2016-07-16,MW,1,00:01,00:01,-99999
LINDOLIPA1,2017-07-08,LY,1,09:30,11:00,816
LIPSMARNC1,2016-06-26,AJB,1,11:47,13:00,-99999
LISVINFL1,2016-05-24,ZZ,1,08:00,09:00,-99999
LISVINFL1,2017-05-30,ERF,1,09:30,11:00,2320
LOFLKATNC1,2016-06-01,"KFJ,JIC,LAI",1,09:00,10:00,-99999
LOFLKATNC1,2017-05-25,AJB,1,09:10,11:27,1.67
LOWRSTEFL1,2016-06-20,ZZ,1,07:45,08:30,-99999
LOWRSTEFL1,2017-05-18,ERF,1,09:30,11:00,2050
LUCAJILMD1,2016-07-01,KJW,1,11:08,12:09,2000
LUCAJILMD1,2017-05-27,JLM,1,07:04,08:34,2030
LUISJONFL1,2016-06-11,ZZ,1,08:00,09:00,1368
LYCEEESMD1,2016-05-18,"ERF,JLM,KPK,AEH",1,11:46,14:06,2271
LYCEEESMD1,2016-10-21,"ERF,JLM,KPK,AEH",1,11:46,12:55,2271
LYCEEESMD1,2017-05-08,"AKW,KLW.,JLM",1,11:55,13:18,3280
LYNCPATPA1,2016-05-31,MW,1,00:01,00:01,-99999
LYNCPATPA1,2016-06-22,MW,1,00:01,00:01,-99999
LYNCPATPA1,2017-06-10,KC,1,09:00,10:30,99999
LYONLYNVA1,2016-07-19,KPK,1,09:03,10:15,2180
MADJDAVPA1,2016-06-08,MW,1,11:15,12:15,2340
MADJDAVPA1,2017-06-30,LY,1,10:00,11:30,2365
MAFFANGPA1,2017-06-15,LKY,1,10:00,11:00,1120
MAHOJIMMD1,2016-07-21,KPK,1,07:25,08:25,1390
MAIEBILPA1,2016-07-24,MW,1,00:01,00:01,-99999
MAKAKATPA1,2016-07-19,MW,1,00:01,00:01,-99999
MALLTANPA1,2016-07-20,MW,1,12:00,12:50,1800
MALTELIMA1,2016-06-11,TMB,1,12:09,13:46,2880
MALTELIMA1,2017-06-17,JLK,1,11:27,12:54,4360
MANDMARNC1,2016-06-11,AJB,1,12:13,13:27,-99999
MANDMARNC1,2017-04-30,AJB,1,09:15,11:37,1.67
MANEXXXFL1,2016-06-13,ZZ,1,08:20,09:00,-99999
MANEXXXFL1,2017-05-17,ERF,1,09:30,11:00,2020
MANNJANDC1,2016-06-21,"KPK,AEH",1,12:08,13:56,2462
MANNJANDC1,2017-05-21,JLM,1,09:32,11:05,99999
MARRPETMD2,2016-07-10,DLN,1,11:15,11:45,790
MARRPETMD2,2017-05-09,KLW AKW,1,09:40,11:28,1800
MARTJUAMA1,2016-06-24,TMB,1,11:49,12:50,1900
MATHLYNMA1,2016-07-13,TMB,1,12:05,13:07,1850
MATHLYNMA1,2017-06-17,ASJ,1,10:00,11:32,2000
MATISHAPA1,2016-06-21,BJR,1,00:01,00:01,-99999
MATUKEVMA1,2016-06-12,TMB,1,12:15,13:29,2050
MAYECINGA2,2017-05-10,"CLG,CINDY",1,09:13,10:55,2400
MAZUJENMD1,2016-07-18,DLN,2,11:15,11:45,790
MAZUJENMD1,2016-07-18,"MAR,VEM",1,09:40,10:41,-99999
MAZUJENMD1,2017-07-17,JLM,1,06:00,07:00,99999
MCCAANNGA1,2016-05-26,JLD,1,11:17,12:10,1942
MCCAANNGA1,2017-03-24,"CLG,ANNE MCCALLUM",1,10:37,12:25,2100
MCCAKEVMD1,2016-07-13,JLM,1,11:43,12:43,1920
MCCAKEVMD1,2017-06-29,KLW,1,07:24,08:57,2450
MCCOCHRMD1,2016-06-18,KPK,1,11:30,12:33,1134
MCCOCHRMD1,2017-07-17,JLM,1,07:30,07:50,99999
MCCODINNC1,2016-06-02,AJB,1,12:00,13:17,-99999
MCCODINNC1,2017-05-10,AJB,1,09:15,11:40,1.58
MCCRSARNC1,2016-06-19,AJB,1,12:19,13:00,-99999
MCCRSARNC1,2017-04-12,AJB,1,09:27,11:40,1.05
MCDOELIVA1,2016-07-15,KPK,1,11:30,12:30,2660
MCDOELIVA1,2017-05-27,AKW,1,10:12,11:48,2150
MCGEMANPA1,2016-07-03,MW,1,11:40,12:10,655.88
MCGEMANPA1,2017-05-27,LY,1,09:30,11:30,99999
MCKEERIMA1,2016-08-03,TMB,1,12:02,13:35,1910
MCKICAIMA1,2016-06-30,TMB,1,12:21,13:28,2090
MCKICAIMA1,2017-06-29,ASJ,1,10:00,11:16,2300
MCNAKRIMD1,2016-07-12,KPK,1,11:29,12:45,3428
MCNAKRIMD1,2017-05-27,JLM,1,08:57,10:46,3550
MEADRUTNC1,2016-06-08,"KFJ,JIC,CG",1,10:00,11:00,-99999
MEALRYAPA1,2016-05-30,BJR,1,00:01,00:01,-99999
MEALRYAPA1,2017-06-08,LY,1,09:30,11:30,99999
MEGOPATMD2,2016-06-28,KPK,1,11:30,12:25,1390
MEGOPATMD2,2017-07-24,JLM,1,06:57,07:30,99999
MEHLMOLPA1,2016-07-26,MW,1,00:01,00:01,-99999
MERIMARMA1,2016-06-26,TMB,1,12:36,14:00,2420
MERIMARMA1,2017-06-26,ASJ,1,10:00,11:36,2000
MILLJOEMD1,2017-07-21,JLM,1,07:38,09:00,99999
MILLKARFL1,2016-06-08,ZZ,1,08:30,09:10,-99999
MILLKARFL1,2017-04-25,ERF,1,09:30,11:00,2210
MILLLORVA1,2017-07-12,JLM,1,09:24,09:51,907
MILLMARFL1,2016-03-31,ZZ,1,07:20,09:00,-99999
MILLMARFL1,2017-04-17,ERF,1,09:30,11:00,2380
MILTMIKVA1,2017-06-24,"AKW,KLW",1,09:40,10:47,3020
MINNJEAPA1,2016-07-01,"BR,RF,SR",1,12:00,12:30,-99999
MIRKJOEMA1,2016-07-09,TMB,1,11:37,12:49,2110
MITCNICPA1,2016-07-28,"BJR,BK",1,00:01,00:01,-99999
MOLIKARMD1,2016-06-27,"KJW,MAR",1,11:26,12:27,3100
MOLIKARMD1,2017-07-24,JLM,1,07:53,09:00,2350
MORETONMA1,2016-08-03,SMB,1,00:01,00:01,-99999
MORETONMA1,2017-06-30,ASJ,1,10:00,11:20,2200
MORRCHRVA1,2016-07-09,JLM,1,11:34,12:26,1350
MORRCHRVA1,2017-06-10,KLW,1,09:52,11:08,1680
MORRDOUPA1,2017-07-27,DK,1,09:30,10:15,99999
MORRDOUPA1,2017-07-27,JM,2,09:30,10:15,99999
MOSELYNNC1,2016-06-07,AJB,1,13:35,14:47,-99999
MOSELYNNC1,2017-05-07,AJB,1,09:40,11:05,0.76
MOSELYNNC1,2017-05-07,AJB,2,11:15,11:30,0.11
MOSELYNNC1,2017-05-07,AJB,3,11:35,11:50,0.35
MOSMCARMD1,2016-06-30,"KJW,MAR",1,11:26,12:27,1800
MOSMCARMD1,2017-06-07,"KLW,AKW",1,09:07,10:07,1120
MOSMCARMD1,2017-06-07,"KLW,AKW",2,10:20,10:31,317
MOSSZARPA1,2016-07-12,MW,1,11:10,11:50,1540
MULLJOYVA1,2016-06-24,KPK,1,11:35,12:34,1840
MULLJOYVA1,2017-07-10,AKW,1,06:48,07:54,1560
MURPELEMA1,2016-07-06,TMB,1,12:13,13:26,1870
MURPELEMA1,2017-08-07,JLK,1,09:15,09:40,900
MURPMICGA1,2016-06-11,JLD,1,11:03,11:58,1736
MURRSANGA1,2016-05-23,BNT,1,11:39,12:34,423.8
MURRSANGA1,2017-03-29,"CLG,SANDY MURRAY",1,10:00,11:40,1730
MUTRCYNVA2,2016-07-20,"JLM,KPK",1,07:22,08:23,2040
MUTRCYNVA2,2017-07-08,AKW,1,09:09,10:21,1650
MYERBRUMD1,2016-06-13,"KPK,AEH",1,11:15,13:17,2460
MYERBRUMD1,2017-07-01,KLW,1,09:19,10:24,1810
MYERBRUMD1,2017-07-01,KLW,2,10:40,10:48,240
MYERBRUMD1,2017-07-01,KLW,3,10:51,11:05,376
NAHIWILFL1,2016-05-26,ZZ,1,07:30,08:30,-99999
NATURTLFL1,2016-04-28,ZZ,1,07:35,09:15,-99999
NATURTLFL1,2017-06-01,ERF,1,09:30,11:00,2010
NAYLMICMD2,2016-07-25,JLM,1,09:50,10:20,1600
NAYLMICMD2,2017-07-04,AKW,1,09:18,10:23,1950
NEWBCARVA1,2017-06-27,JLM,1,10:00,11:40,2930
NEWMCHRGA1,2017-03-21,CLAY GRAHAM,1,10:12,11:45,2010
NEWTMICPA1,2017-07-12,LY,1,09:45,10:30,536
NEWTROBNC1,2016-05-29,AJB,1,12:15,13:22,-99999
NEWTROBNC1,2017-04-13,AJB,1,09:20,11:45,1.31
NICHGLONC1,2016-05-28,ELB,1,11:26,12:03,400
NICKAESGA1,2016-04-26,"JLD,BNT",1,00:01,00:01,-99999
NIKODONPA1,2017-06-16,LY,1,09:30,11:00,783
NORTLAUGA1,2017-05-07,CLG,1,09:56,00:01,2800
NOSSANDFL1,2016-05-05,ZZ,1,07:10,08:30,-99999
NOSSANDFL1,2017-04-01,ERF,1,09:30,11:00,1910
NZPBIRDDC1,2016-05-14,"CQS,ERC,ERF",1,00:01,00:01,-99999
NZPBIRDDC1,2016-06-14,"TAG,PPM,BSE",1,00:01,00:01,-99999
NZPELEPDC1,2016-05-14,"VEM,JLM,KPK,LES,AEH",1,00:01,00:01,-99999
NZPSMBCDC1,2014-03-21,"ERF,KPK,JLM",1,00:01,00:01,-99999
NZPSMBCDC1,2016-12-03,"JLM,BE",1,00:01,00:01,-99999
NZPSMBCDC1,2016-12-05,"JLM,BE",1,00:01,00:01,-99999
NZPSMBCDC1,2017-03-13,CLG,1,00:01,00:01,0
OBRICHRMD1,2016-07-11,"KJW,EAB",1,10:54,11:24,1700
OBRICHRMD1,2017-04-21,"KLW,AKW",1,10:11,12:27,3320
ODELVINMD2,2016-06-20,JLM,1,11:37,12:16,1380
ODELVINMD2,2017-07-20,JLM,1,09:00,09:40,99999
OLMSSTUPA1,2017-07-11,LY,1,09:45,10:30,1590
OLMSSTUPA1,2017-07-11,DC,2,09:45,10:30,99999
OLONMARDC1,2016-07-21,JLM,1,10:41,11:46,2320
OLONMARDC1,2017-06-09,"AKW,KLW",1,09:44,11:25,2910
ONEAJACFL1,2016-06-15,ZZ,1,07:30,08:30,-99999
ONEAJACFL1,2017-04-21,ERF,1,09:30,11:00,2150
ONTAHOUDC1,2016-07-12,"KJW,MAR",1,11:09,12:10,-99999
ONTAHOUDC1,2017-05-26,JLM,1,09:42,11:00,2560
OWENDORVA1,2016-06-18,JLM,1,11:14,11:48,1580
OWENDORVA1,2017-07-13,JLM,1,07:10,08:41,2470
OWENEDDNC1,2016-05-07,"KFJ,JIC",1,09:45,10:45,-99999
OWENEDDNC1,2017-06-18,AJB,1,06:42,08:20,1.39
OWENEDDNC1,2017-06-18,AJB,2,08:33,09:43,0.7
OWENKATMD1,2016-06-30,JLM,1,11:56,12:40,1600
OWENKATMD1,2017-07-01,JLM,1,06:57,08:30,2210
PADORAMVA1,2016-06-07,KPK,1,11:41,12:43,1360
PADORAMVA1,2017-06-21,"AKW,KLW",1,07:20,08:30,1550
PAGEALLMA1,2016-05-31,TMB,1,11:53,12:59,2060
PAGEALLMA1,2017-08-10,ASJ,1,10:00,11:00,1800
PALUMATFL1,2016-05-31,ZZ,1,08:30,09:15,-99999
PALUMATFL1,2017-05-02,ERF,1,09:30,11:00,1930
PAPICHRPA1,2016-07-02,MW,1,11:40,12:25,749.58
PAPPLISGA1,2016-06-10,BNT,1,09:15,10:20,591
PARKDIAGA1,2016-04-28,JLD,1,11:43,12:27,-99999
PARKDIAGA1,2017-04-30,"CLG,DIANE",1,10:10,11:45,4000
PATCLORDC1,2016-07-23,JLM,1,00:01,00:01,-99999
PATCLORDC1,2017-05-20,"KLW,AKW",1,09:42,10:31,1910
PATTPARMD1,2016-06-08,"ERF,JLM,KPK",1,10:00,11:00,2619
PATTPARMD1,2016-06-09,"ERF,JLM,KPK",1,00:01,00:01,-99999
PELLLYNMA1,2017-07-03,JLK,1,11:30,12:35,1090
PELLVOLMA1,2016-06-09,TMB,1,00:01,00:01,-99999
PELLVOLMA1,2017-06-19,JLK,1,10:00,10:55,2930
PENNGRANC1,2016-05-27,ELB,1,10:45,12:15,200
PENNGRANC1,2017-06-05,AJB,1,08:37,09:03,0.34
PENNGRANC1,2017-06-05,AJB,2,09:40,11:05,1.1
PERNMIKMD1,2017-06-14,"KLW,AKW",1,09:35,10:19,1083
PERRCHRMD1,2016-06-29,"KJW,MAR",1,11:44,12:45,2300
PERRCHRMD1,2017-05-30,JLM,1,09:44,11:00,1890
PETETOWPA1,2016-05-19,MW,1,00:01,00:01,-99999
PFEIJOHFL1,2016-06-10,ZZ,1,08:30,09:30,-99999
PFEIJOHFL1,2017-05-10,ERF,1,09:30,11:00,1940
PFENCHIPA1,2016-06-19,MW,1,00:01,00:01,-99999
PHARAIMMD1,2016-07-06,"KJW,MAR",1,10:37,11:38,1700
PHARAIMMD1,2017-07-05,JLM,1,09:33,10:16,1000
PHILJIMPA1,2016-06-18,"BJR,SF",1,00:01,00:01,-99999
PICKADANC1,2016-07-07,ELB,1,11:31,12:37,-99999
PICKSALMA1,2016-07-11,TMB,1,11:26,12:28,2010
PIEPSUSMA1,2016-05-29,TMB,1,23:54,12:04,2110
PINKSUSPA1,2016-05-25,MW,1,00:01,00:01,-99999
PIROELADC1,2016-06-26,KJW,1,11:14,12:15,-99999
PIROELADC1,2017-07-22,JLM,1,09:17,10:30,99999
PLACGIRFL1,2016-04-03,ZZ,1,07:20,09:00,-99999
PLANANDGA1,2016-04-28,BNT,1,11:20,12:34,493
PLANANDGA1,2017-04-25,CLG,1,10:15,11:55,2600
POVEANGGA1,2016-05-26,BNT,1,11:15,12:26,551
POVEANGGA1,2017-05-05,CLG,1,09:41,11:11,3200
PRAIRIDNC1,2016-04-16,"KFJ,JIC",1,00:01,00:01,-99999
PRAIRIDNC1,2016-05-26,"JAG,OFM,VJM,EAL",1,00:01,00:01,-99999
PRASJOHPA1,2017-06-23,RSM,1,12:00,13:00,99999
PRESANNNC1,2016-05-20,AJB,1,12:20,13:32,-99999
PRESANNNC1,2017-06-29,AJB,1,08:50,11:15,1.56
PRESHOUFL1,2016-05-10,ZZ,1,07:15,08:45,-99999
PRESHOUFL1,2017-06-02,ERF,1,09:30,11:00,1970
PRESPENFL1,2016-05-19,ZZ,1,08:45,09:30,-99999
PRESPENFL1,2017-05-06,ERF,1,08:45,10:15,2240
PRITANGGA1,2016-06-01,BNT,1,11:20,12:33,608
PRITANGGA1,2017-04-15,"CLG,RUSTY,BIBI,ANGUS",1,10:33,12:06,1300
PROWGARFL1,2016-04-04,ZZ,1,07:15,08:45,-99999
PROWGARFL1,2017-03-30,ERF,1,09:30,11:00,1710
QUIMKIMPA1,2016-06-12,MW,1,00:01,00:01,-99999
RALSJIMPA1,2016-05-28,"BR,ML",1,00:01,00:01,-99999
RAUNERIMD2,2016-07-18,KJW,1,12:06,13:07,1200
RAUNERIMD2,2017-06-03,"KLW,AKW",1,09:42,11:06,2544
RAVECATPA1,2016-06-23,MW,1,00:01,00:01,-99999
RCPSMBCDC1,2016-06-29,"KPK,JLM,ERF",1,00:01,00:01,-99999
REIDLOLMA1,2016-06-08,TMB,1,12:00,13:08,2100
REIDLOLMA1,2017-07-20,JLK,1,10:45,11:45,1200
REITBOBMD1,2016-06-10,TEST,1,00:01,00:01,-99999
REITBOBMD1,2017-06-19,"AKW,KLW",1,08:59,10:29,2650
RESIMARPA1,2017-05-18,LY,1,08:30,10:30,99999
REUTSHAMD1,2016-07-08,JLM,1,11:04,11:36,1840
RICEMICPA1,2016-07-27,MW,1,00:01,00:01,-99999
RICEMICPA1,2017-06-27,LY,1,09:45,10:30,1134.5875
RICHALMA1,2016-06-07,"TMB,RSG",1,11:40,12:40,1860
RICHALMA1,2017-06-28,ASJ,1,10:00,11:45,2100
RICHMSGA1,2016-05-09,"JLD,BNT",1,00:01,00:01,-99999
RIGAMARPA1,2016-07-20,"BJR,SR",1,12:00,12:30,-99999
RIGAMARPA1,2017-07-05,DK,1,09:30,10:30,99999
RINADAVMA1,2016-07-10,TMB,1,11:50,12:50,1660
RINADAVMA1,2017-06-26,JLK,1,11:35,12:30,1800
RIVEPATGA2,2017-05-27,CLG,1,09:40,11:10,2000
ROBELINNC1,2016-05-18,AJB,1,12:01,13:20,-99999
ROBELINNC1,2017-06-07,AJB,1,09:15,11:29,1.47
ROBIRONFL1,2016-04-06,ZZ,1,08:45,10:00,-99999
ROBIRONFL1,2017-04-24,ERF,1,09:30,11:00,1920
ROBISCOFL1,2016-06-08,ZZ,1,06:20,08:00,100
ROBISCOFL1,2017-06-08,ERF,1,08:00,09:30,2240
ROCKJESPA1,2016-07-14,BJR,1,00:01,00:01,-99999
ROGEANDMA1,2016-07-18,TMB,1,12:19,13:46,2320
ROGEANDMA1,2017-07-19,ASJ,1,10:00,11:05,1900
ROHRSALMD1,2016-06-22,"MAR,KJW",1,11:05,12:05,2000
ROHRSALMD1,2017-06-02,JLM,1,09:00,13:30,2730
ROMANICMA1,2016-06-27,TMB,1,12:06,13:21,2160
ROSEJOSMA1,2016-06-04,TMB,1,11:34,12:48,2430
ROSEJOSMA1,2017-07-01,ASJ,1,10:00,11:34,2100
ROSETRANC1,2017-06-04,AJB,1,09:00,11:15,1.37
ROSNEDWMA1,2016-06-28,TMB,1,11:36,12:36,1980
RUDDLINNC1,2016-06-10,"KFJ,JIC,CG,LAI",1,10:00,09:45,-99999
RYBAELAMA1,2016-06-10,TMB,1,11:45,12:50,1800
RYBAELAMA1,2017-06-24,JLK,1,11:40,12:40,1000
SACHLARPA1,2016-05-22,MW,1,00:01,00:01,-99999
SACHLARPA1,2017-05-24,LY,1,09:15,11:15,99999
SALITYLNC1,2016-07-08,AJB,1,12:17,13:29,-99999
SALITYLNC1,2017-06-28,AJB,1,09:00,10:53,1.33
SALOSHEMD1,2016-06-14,DLN/LES,1,13:10,14:10,2002
SALOSHEMD1,2017-06-06,KLW,1,10:01,11:22,1730
SANFCARMD1,2016-07-14,"KJW,MAR",1,11:40,12:11,2050
SANFCARMD1,2017-07-24,AKW,1,06:34,07:51,1570
SANFTIFNC1,2016-06-14,ELB,1,11:40,12:42,-99999
SANFTIFNC1,2017-05-06,AJB,1,09:37,11:50,0.89
SAPPBILGA1,2016-05-18,BNT,1,10:37,11:45,674.2
SAPPBILGA1,2017-04-08,CLG,1,09:35,11:05,2900
SARGMARMD1,2016-07-23,"DLN,KFB",1,11:08,12:08,2108
SARGMARMD1,2017-07-08,JLM,1,06:52,08:10,2180
SARUANJGA1,2016-06-18,BNT,1,11:23,12:32,430
SARUANJGA1,2017-06-02,CLG,1,09:01,10:46,5100
SAXTCHRPA1,2017-07-17,LY,1,09:45,11:00,629
SCHIMARMD1,2016-06-10,"KPK,AEH",1,11:46,14:00,1260
SCHIMARMD1,2017-07-01,JLM,1,08:40,09:45,2020
SCHLJOYPA1,2016-09-19,MW,1,00:01,00:01,-99999
SCHLROBMD1,2016-07-25,"KJW,MAR",1,11:45,12:45,2050
SCHLROBMD1,2017-05-04,KLW AKW,1,09:48,11:03,1010
SENZIRINC1,2016-05-16,"KFJ,JIC,EL",1,10:00,11:00,-99999
SHAHMAUFL1,2016-05-07,ZZ,1,07:00,09:00,-99999
SHAHMAUFL1,2017-05-07,ERF,1,09:30,11:00,1940
SHEAMARMA1,2016-05-28,"SMB,TMB",1,11:47,12:50,2360
SHEAMARMA1,2017-06-07,ASJ,1,10:27,11:30,1400
SHERALEMA1,2016-07-23,TMB,1,11:45,12:56,2570
SHERALEMA1,2017-06-25,JLK,1,11:15,12:30,2800
SHERNYLGA1,2016-03-29,"JLD,BNT",1,11:20,12:30,-99999
SHERNYLGA1,2017-03-22,"CLAY GRAHAM,NYLA SHERBURNE",1,10:19,11:52,1257
SILLSCOMD1,2017-07-19,JLM,1,09:15,10:40,2710
SILVCELFL1,2016-05-20,ZZ,1,07:15,08:15,-99999
SIMPEDWNC1,2016-05-12,AJB,1,12:10,13:09,-99999
SIMPEDWNC1,2017-04-11,AJB,1,09:45,11:30,1.16
SINGVIRDC1,2016-06-21,JLM,1,11:35,12:41,2890
SINGVIRDC1,2017-06-02,JLM,1,10:00,11:35,2960
SINIKRIMA1,2016-06-03,TMB,1,11:38,12:58,2440
SKRALOUNC1,2016-06-23,AJB,1,12:18,13:15,-99999
SKRALOUNC1,2017-04-27,AJB,1,09:18,11:40,1.65
SLONSUSMA1,2016-07-17,TMB,1,11:39,12:43,2280
SLONSUSMA1,2017-07-02,JLK,1,11:00,11:45,750
SMOKELEGA1,2016-05-11,"JLD,BNT",1,00:01,00:01,-99999
SOLIAPRMD1,2016-07-25,KPK,1,10:40,11:37,1490
SOLLCHRMD1,2016-07-01,"MAR,VEM",1,10:00,11:00,-99999
SOLLCHRMD1,2017-07-03,JLM,1,08:17,09:30,1450
SORECLYNC1,2016-06-22,ELB,1,11:29,12:22,-99999
SORECLYNC1,2017-05-15,AJB,1,09:25,11:50,1.39
SPEAMARNC1,2016-07-07,ELB,1,09:50,10:55,-99999
SPEAMARNC2,2016-06-07,ELB,1,09:50,10:55,-99999
SPLAMARMA2,2016-05-20,"TMB,SMB,SLG",1,11:39,12:42,1700
SPRINBGMA1,2016-07-27,"SMB,TMB",1,00:01,00:01,-99999
STACTIMPA1,2017-06-14,LY,4,10:00,11:00,99999
STALJUDPA1,2016-06-22,BJR,1,00:01,00:01,-99999
STALJUDPA1,2017-07-26,LY,1,09:40,11:00,901
STANJEFMD1,2016-07-02,"KJW,MAR",1,11:36,12:37,1900
STANJEFMD1,2017-06-01,"AKW,KLW",1,08:56,10:24,2250
STEMMSMA1,2016-06-06,"SBL,SMB,TMB",1,00:01,00:01,-99999
STEPGREFL1,2016-06-24,ZZ,1,06:40,07:30,-99999
STEPGREFL1,2017-05-31,ERF,1,09:30,11:00,1950
STEPJANMA1,2016-06-14,TMB,1,12:10,13:29,1910
STEPJANMA1,2016-07-10,"BSE,SBL",1,00:01,00:01,-99999
STEPJANMA1,2017-07-25,JLK,1,10:20,11:20,1200
STEPMARGA1,2016-04-30,JLD,1,11:17,12:11,-99999
STEPMARGA1,2017-05-06,CLG,1,09:40,11:10,2000
STERKATPA1,2016-07-30,"BJR,JC",1,00:01,00:01,-99999
STEVSADMA1,2016-07-21,TMB,1,11:56,13:05,2340
STEVSADMA1,2017-07-31,JLK,1,10:50,11:45,2240
STEWBETMD1,2017-04-28,RWR,1,09:47,11:25,1930
STORLISPA1,2016-07-17,MW,1,00:01,00:01,-99999
STRAELEGA1,2016-04-15,JLD,1,11:35,00:27,-99999
STRAELEGA1,2017-05-29,CLG,1,08:50,10:20,1800
STRARICFL1,2016-04-20,ZZ,1,07:10,08:45,-99999
STRARICFL1,2017-05-04,ERF,1,09:25,10:55,2420
STUECHRVA2,2016-06-24,"KJW,MAR",1,10:30,11:30,2000
STUECHRVA2,2017-07-05,KLW,1,10:10,11:41,1760
STURCARMD1,2017-07-11,AKW,1,06:23,07:45,1480
SUBRSTEMD1,2016-06-13,JLM,1,08:52,09:56,2130
SULLPAUVA1,2016-05-10,"JLM,KPK,ERF,AEH",1,11:30,16:40,5680
SURNSCOMA1,2016-07-30,TMB,1,13:41,14:53,1850
SURNSCOMA1,2017-07-22,JLK,1,10:20,11:40,1020
SVECSTEMA1,2016-07-20,TMB,1,11:51,13:10,2120
SWALDAWGA1,2016-04-18,BNT,1,10:30,11:43,-99999
SWALDAWGA1,2017-06-01,CLG,1,08:54,10:18,1800
TABACARPA1,2016-06-29,MW,1,11:25,12:40,2090
TABACARPA1,2017-07-14,DK,1,10:00,11:00,99999
TALEKELGA1,2016-06-08,BNT,1,11:07,12:27,416
TALEKELGA1,2017-05-08,CLG,1,09:30,11:00,3400
TAMBJUDMA1,2016-07-26,TMB,1,12:25,13:40,2390
TANGLAUDC1,2016-07-07,JLM,1,11:17,12:02,2900
TANGLAUDC1,2017-06-06,AKW,1,09:50,11:28,2930
TATEJUAMD1,2016-05-17,KPK,1,11:20,12:27,2210
TATEJUAMD1,2017-06-28,KLW,1,10:00,11:10,1134
TATEJUAMD1,2017-06-28,JLM,2,10:00,11:00,1452
TAYLJERNC1,2016-05-10,AJB,1,11:50,12:56,-99999
THERLARMA1,2016-06-02,TMB,1,11:53,12:57,1780
THERLARMA1,2017-06-05,"JLK,AMT",1,10:35,12:10,1300
THOMDEBPA1,2017-06-01,LY,1,10:00,12:00,99999
THOMMARPA1,2016-06-09,MW,1,12:05,13:10,2200
THOMMARPA1,2017-06-20,KC,1,08:45,10:15,544
TOSCPAMMA1,2016-05-22,"SMB,TMB",1,12:00,12:58,1448
TOSCPAMMA1,2017-07-08,JLK,1,10:45,11:45,3000
TOTHCARGA1,2016-06-13,BNT,1,10:47,11:55,550
TOUCWENMA1,2016-06-22,TMB,1,12:01,13:28,-99999
TRACBRIGA1,2016-03-21,"JLD,BNT",1,00:01,00:01,-99999
TRACBRIGA1,2017-05-24,CLG,1,08:53,10:23,3900
TRAUPATVA2,2016-06-25,"VEM,MAR",1,10:30,11:15,2000
TRAUPATVA2,2017-07-12,JLM,1,07:10,08:35,2270
VALLMEGMA1,2016-07-28,TMB,1,09:40,10:47,2220
VASAJODPA1,2016-06-30,MW,1,12:04,12:50,2550
VEARRICMA1,2016-06-15,TMB,1,12:09,13:12,2210
VEARRICMA1,2017-07-11,ASJ,1,10:00,11:00,2200
VERSBETMD2,2016-06-14,JLM,1,12:04,12:20,857
VERSBETMD2,2017-06-12,"KLW,AKW",1,09:50,10:30,1220
VERSMATMA1,2016-08-29,TMB,1,12:55,14:20,2210
VIDIJULPA1,2016-06-24,"BJR,JK",1,00:01,00:01,-99999
VONGJENMD1,2016-07-07,"KJW,MAR",1,11:33,12:34,1900
VONGJENMD1,2017-04-29,"AKW,KLW",1,09:27,11:04,2780
VOSSCOLVA1,2016-06-24,JLM,1,11:14,12:14,2570
VOSSCOLVA1,2017-07-11,JLM,1,07:05,08:30,2960
WALKJOEPA1,2016-07-08,"BJR,RM,SR",1,00:01,00:01,-99999
WALKJOEPA2,2017-05-26,LY,1,08:00,10:00,99999
WALNCRENC1,2016-05-10,"KFJ,JIC",1,00:01,00:01,-99999
WALSMELMA1,2016-07-05,TMB,1,12:18,13:27,2210
WALTANNNC1,2016-06-21,AJB,1,12:27,13:40,-99999
WALTANNNC1,2017-05-08,AJB,1,09:25,11:40,1.38
WANGMATNC1,2016-05-21,AJB,1,12:07,13:10,-99999
WANGMATNC1,2017-04-21,AJB,1,09:27,11:22,1.48
WAPLEESVA1,2016-05-27,"JLM,KPK,AEH,ERF",1,00:01,00:01,-99999
WAPLEESVA1,2017-06-23,JLM,1,07:50,09:50,99999
WARDDOUVA1,2016-05-31,ERF,1,08:30,10:30,2005
WARRPAIMA1,2016-07-07,"BSE,SBL",1,00:01,00:01,-99999
WARRPAIMA1,2016-07-24,TMB,1,11:32,12:54,2360
WARRPAIMA1,2017-08-03,ASJ,1,10:00,11:15,2000
WATSJOSFL1,2016-06-16,ZZ,1,06:45,07:15,-99999
WATSJOSFL1,2017-06-03,ERF,1,09:30,11:00,2160
WEBBTOMFL1,2016-05-11,ZZ,1,07:25,08:45,-99999
WEBBTOMFL1,2017-06-04,ERF,1,09:30,11:00,2550
WEINANIPA1,2016-06-15,BJR,1,00:01,00:01,-99999
WELLBREFL1,2016-06-09,ZZ,1,08:20,09:00,675
WELLBREFL1,2017-05-29,ERF,1,09:30,11:00,2220
WESCCATMA1,2016-06-17,TMB,1,12:27,13:49,1790
WESCCATMA1,2017-07-31,ASJ,1,10:00,11:10,2000
WHEEJENNC1,2016-05-14,AJB,1,12:42,13:47,-99999
WHEEJENNC1,2017-06-10,AJB,1,09:26,11:20,1.31
WHELGWEMA1,2016-06-23,TMB,1,11:42,12:56,1990
WHITLIZFL1,2016-06-11,ZZ,1,07:00,07:50,1754
WHITLIZFL1,2017-06-02,ERF,1,07:30,09:00,2140
WICHJOHGA1,2016-05-02,BNT,1,10:45,11:52,330
WIEBFRAMD1,2016-07-19,"KJW,JRQ",1,11:17,12:48,1400
WIEBFRAMD1,2017-06-23,"AKW,KLW",1,09:30,10:27,2000
WIKACORMD1,2016-07-26,JLM,1,10:00,10:20,793
WIKACORMD1,2017-06-28,AKW,1,09:27,10:41,1690
WILDANNVA1,2016-05-31,ERF,1,10:45,13:15,2355
WILDANNVA2,2016-07-21,VEM,1,11:20,12:22,2200
WILDSIEMA1,2016-06-25,TMB,1,11:50,13:14,2160
WILDSIEMA1,2017-07-30,JLK,1,10:45,12:00,1500
WILEKATGA1,2016-05-13,BNT,1,12:38,13:41,958
WILEKATGA1,2017-05-18,"CLG,KATE",1,09:20,11:00,3200
WILELINMD1,2016-07-22,KPK,1,09:14,10:13,1500
WILKAMYPA1,2016-07-30,MW,1,00:01,00:01,-99999
WILLAMBNC1,2016-05-28,AJB,1,12:30,13:10,-99999
WILLAMBNC1,2017-05-28,AJB,1,09:20,11:45,1.46
WILLCAINC1,2016-07-02,ELB,1,11:31,12:15,-99999
WILLJIMFL1,2016-04-07,ZZ,1,07:20,08:45,-99999
WILLJIMFL1,2017-04-14,ERF,1,09:30,11:00,2320
WILLJUDMA1,2016-06-16,TMB,1,12:24,13:37,1870
WILLMARGA1,2017-06-13,CLG,1,09:16,10:46,2300
WILLMARVA1,2016-07-22,JLM,1,10:38,11:16,1740
WILLMARVA1,2017-06-21,"AKW,KLW",1,09:12,10:33,1815
WILLNAHFL1,2017-05-30,ERF,1,07:30,09:00,2370
WILLRAJMD1,2016-05-07,KPK,1,11:40,13:05,2840
WILLRAJMD1,2017-06-28,AKW,1,07:14,09:08,2380
WILLTERMD1,2016-06-07,JLM,1,11:36,12:36,2460
WILLTERMD1,2017-07-11,AKW,1,08:02,09:13,1730
WILLTINVA1,2016-07-15,JLM,1,11:09,11:56,1300
WILLTINVA1,2017-07-13,JLM,1,09:10,09:54,1200
WINSEMIGA1,2016-04-04,JLD,1,00:01,00:01,-99999
WINSEMIGA1,2017-04-28,"CLG,EMILY",1,09:15,11:04,2100
WINTCHAFL1,2016-04-22,ZZ,1,07:05,08:45,-99999
WINTCHAFL1,2017-03-29,ERF,1,09:30,11:00,2180
WIRZCARMA1,2017-08-10,ASJ,1,07:00,08:00,1900
WISECELMD1,2016-06-20,"DLN,KJW",1,12:41,13:11,2.5
WISECELMD1,2017-07-08,JLM,1,08:30,10:00,2000
WISSDAMPA1,2016-06-07,MW,1,00:01,00:01,-99999
WISSDAMPA1,2017-06-13,LY,1,09:00,10:30,99999
WISSSTEGA1,2016-04-21,JLD,1,12:02,12:49,-99999
WISSSTEGA1,2017-04-13,CLG,1,10:09,11:39,1700
WOLFAMYDC1,2016-07-12,JLM,1,10:53,11:42,2670
WOLFAMYDC1,2017-06-19,JLM,1,09:08,10:30,2500
WOLFKARDC1,2017-07-15,AKW,1,08:50,10:15,1730
WOLFMARNC1,2016-04-20,AJB,1,11:15,12:21,-99999
WOLFMARNC1,2017-05-11,AJB,1,09:12,10:57,0.81
WOLFMARNC1,2017-05-11,AJB,2,11:02,11:30,0.33
WOLFMELPA1,2016-07-05,BR,1,00:01,00:01,-99999
WOLFMELPA1,2017-06-06,LY,1,08:00,10:00,99999
WOODELEVA1,2016-06-16,DLN,1,10:30,11:00,-99999
WOODELEVA1,2017-06-01,JLM,1,09:38,11:20,2390
WOODMIDGA1,2016-05-10,"JLD,BNT",1,00:01,00:01,-99999
WOODPAUVA1,2016-07-11,JLM,1,11:53,12:36,1950
WOODPAUVA1,2017-06-08,AKW,1,09:38,11:18,2490
WOUKKARNC1,2016-06-09,AJB,1,12:45,13:37,-99999
WOUKKARNC1,2017-06-01,AJB,1,07:30,09:40,1.29
YEANDAVPA1,2016-07-10,MW,1,00:01,00:01,-99999
YEANDAVPA1,2017-07-28,LY,1,10:00,11:30,642
YMCAHOMPA1,2016-07-01,MW,1,00:01,00:01,-99999
YOUNELIMD1,2016-07-01,JLM,1,11:55,12:40,1910
YOUNELIMD1,2017-07-10,JLM,1,08:30,10:00,2180
YOUNKIMVA1,2016-07-10,KJW,1,11:25,12:26,1700
YOUNLINMA1,2016-07-08,TMB,1,11:45,12:51,1670
ZAMBTRAMD1,2016-04-14,"ERF,KPK,RWR",1,00:01,00:01,-99999
ZAMBTRAMD1,2017-06-29,JLM,1,09:16,10:41,99999
ZEMKSYDVA1,2016-07-16,KPK,1,11:15,12:14,2720
ZEMKSYDVA1,2017-07-08,KLW,1,06:15,07:33,2159
ZEPKJANMA1,2016-07-14,TMB,1,11:49,13:23,2920
ZEPKJANMA1,2017-07-17,JLK,1,09:30,10:30,2000
ZIMMBOBMA1,2016-07-28,TMB,1,11:48,12:42,1690
SURNSANMA1,2016-07-04,TMB,1,12:31,13:37,1940
SURNSANMA1,2017-07-27,JLK,1,09:30,10:45,2140
